Date,Open,Close,delta,delta_bin
2015-11-18,42.900002,44.214001,-1.3139990000000026,down
2015-11-19,44.108002,44.360001000000004,-0.25199900000000497,down
2015-11-20,44.698002,44.001999,0.6960030000000046,up
2015-11-23,43.470001,43.549999,-0.07999799999999624,down
2015-11-24,43.074001,43.650002,-0.576000999999998,down
2015-11-25,44.268002,45.928001,-1.6599989999999991,down
2015-11-27,46.212002000000005,46.321999,-0.1099969999999928,down
2015-11-30,46.358002,46.051998,0.3060040000000015,up
2015-12-01,46.212002000000005,47.438,-1.225997999999997,down
2015-12-02,47.400002,46.397999,1.002003000000002,up
2015-12-03,47.096001,46.542,0.5540009999999995,up
2015-12-04,46.492001,46.076,0.4160010000000014,up
2015-12-07,45.540001000000004,46.226002,-0.6860009999999974,down
2015-12-08,45.504002,45.344002,0.1599999999999966,up
2015-12-09,45.34,44.903999,0.4360010000000045,up
2015-12-10,44.942001,45.414001,-0.4720000000000013,down
2015-12-11,45.048,43.403999,1.644001000000003,up
2015-12-14,43.501999,43.716,-0.21400100000000322,down
2015-12-15,44.363997999999995,44.217999,0.14599899999999622,up
2015-12-16,44.419998,46.902,-2.4820020000000014,down
2015-12-17,46.787997999999995,46.678001,0.1099969999999928,up
2015-12-18,46.577999,46.091999,0.4859999999999971,up
2015-12-21,46.338001,46.512001,-0.1739999999999995,down
2015-12-22,46.998001,45.990002000000004,1.007998999999998,up
2015-12-23,46.436001,45.939999,0.49600199999999717,up
2015-12-24,46.112,46.113997999999995,-0.001997999999993283,down
2015-12-28,46.298,45.790001000000004,0.5079989999999981,up
2015-12-29,46.012001,47.438,-1.4259990000000045,down
2015-12-30,47.32,47.618,-0.2980000000000018,down
2015-12-31,47.702,48.001999,-0.2999989999999997,down
2016-01-04,46.144001,44.681999,1.4620020000000054,up
2016-01-05,45.271999,44.686001,0.5859980000000036,up
2016-01-06,44.0,43.807999,0.19200099999999765,up
2016-01-07,42.838001,43.130001,-0.2920000000000016,down
2016-01-08,43.571999,42.200001,1.3719979999999978,up
2016-01-11,42.801998,41.57,1.2319979999999973,up
2016-01-12,42.32,41.993999,0.326000999999998,up
2016-01-13,42.402,40.062,2.3400000000000034,up
2016-01-14,40.442001,41.236,-0.7939989999999995,down
2016-01-15,39.793999,40.998001,-1.2040020000000027,down
2016-01-19,41.742001,40.944,0.7980009999999993,up
2016-01-20,39.880001,39.740002000000004,0.139998999999996,up
2016-01-21,40.310001,39.993999,0.31600199999999745,up
2016-01-22,40.959998999999996,40.509997999999996,0.4500010000000003,up
2016-01-25,40.012001,39.276001,0.7359999999999971,up
2016-01-26,39.34,38.712002000000005,0.6279979999999981,up
2016-01-27,38.476002,37.613997999999995,0.862004000000006,up
2016-01-28,38.158001,37.939999,0.21800199999999847,up
2016-01-29,37.990002000000004,38.240002000000004,-0.25,down
2016-02-01,37.751999,39.388,-1.6360010000000003,down
2016-02-02,38.484001,36.556,1.9280010000000019,up
2016-02-03,36.717999,34.695999,2.0219999999999985,up
2016-02-04,34.139998999999996,35.066002000000005,-0.9260030000000086,down
2016-02-05,34.259997999999996,32.52,1.7399979999999928,up
2016-02-08,31.42,29.598,1.8220000000000027,up
2016-02-09,28.464001,29.65,-1.185998999999999,down
2016-02-10,30.1,28.733999,1.3660010000000007,up
2016-02-11,30.4,30.094,0.3059999999999974,up
2016-02-12,31.0,30.208,0.7920000000000016,up
2016-02-16,31.74,31.034,0.7059999999999995,up
2016-02-17,31.799999,33.736,-1.9360009999999974,down
2016-02-18,34.484001,33.354,1.130001,up
2016-02-19,32.731998,33.316002000000005,-0.5840040000000073,down
2016-02-22,34.023998,35.548,-1.524002000000003,down
2016-02-23,35.231998,35.442001,-0.21000300000000038,down
2016-02-24,34.549999,35.799999,-1.25,down
2016-02-25,35.73,37.486,-1.7560000000000002,down
2016-02-26,37.740002000000004,38.068001,-0.3279989999999984,down
2016-02-29,38.48,38.386002000000005,0.09399799999999203,up
2016-03-01,38.849998,37.27,1.5799979999999962,up
2016-03-02,36.745998,37.667999,-0.9220010000000016,down
2016-03-03,37.655998,39.147999,-1.492001000000002,down
2016-03-04,39.599998,40.208,-0.608001999999999,down
2016-03-07,39.535999,41.057999,-1.5220000000000056,down
2016-03-08,40.700001,40.52,0.1800009999999972,up
2016-03-09,40.903999,41.743999,-0.8400000000000034,down
2016-03-10,42.0,41.035999,0.9640010000000032,up
2016-03-11,41.585999,41.5,0.08599900000000105,up
2016-03-14,42.529999,43.029999,-0.5,down
2016-03-15,42.854,43.667999,-0.8139990000000026,down
2016-03-16,43.599998,44.386002000000005,-0.7860040000000055,down
2016-03-17,44.293999,45.276001,-0.9820020000000014,down
2016-03-18,45.82,46.548,-0.7280000000000015,down
2016-03-21,47.068001,47.664001,-0.5959999999999965,down
2016-03-22,47.442001,46.848,0.5940009999999987,up
2016-03-23,46.473999,44.515999,1.9579999999999984,up
2016-03-24,43.155998,45.549999,-2.394001000000003,down
2016-03-28,46.321999,46.051998,0.2700010000000006,up
2016-03-29,45.978001,46.026001,-0.04800000000000182,down
2016-03-30,47.018002,45.377998,1.6400040000000047,up
2016-03-31,45.868,45.953998999999996,-0.08599899999999394,down
2016-04-01,48.966,47.518002,1.4479979999999983,up
2016-04-04,49.824001,49.397999,0.426002000000004,up
2016-04-05,48.099998,51.094002,-2.994004000000004,down
2016-04-06,50.793999,53.084,-2.2900010000000037,down
2016-04-07,53.290001000000004,51.439999,1.8500020000000035,up
2016-04-08,52.099998,50.014,2.0859979999999965,up
2016-04-11,50.200001,49.984001,0.21600000000000108,up
2016-04-12,49.900002,49.563999,0.33600299999999805,up
2016-04-13,49.702,50.905998,-1.2039979999999986,down
2016-04-14,50.599998,50.372002,0.22799599999999742,up
2016-04-15,50.262001,50.902,-0.6399990000000031,down
2016-04-18,50.445999,50.776001,-0.33000200000000035,down
2016-04-19,50.624001,49.473999,1.1500020000000006,up
2016-04-20,49.251999,49.993999,-0.7420000000000044,down
2016-04-21,49.798,49.658001,0.1399990000000031,up
2016-04-22,49.778,50.75,-0.9720000000000013,down
2016-04-25,50.602001,50.363997999999995,0.23800300000000618,up
2016-04-26,50.41,50.748001,-0.33800100000000555,down
2016-04-27,50.549999,50.293999,0.2560000000000002,up
2016-04-28,49.970001,49.542,0.42800100000000185,up
2016-04-29,49.627998,48.152,1.475997999999997,up
2016-05-02,48.299999,48.360001000000004,-0.06000200000000433,down
2016-05-03,47.472,46.464001,1.007998999999998,up
2016-05-04,46.057999,44.512001,1.5459980000000044,up
2016-05-05,45.692001,42.306,3.3860010000000003,up
2016-05-06,42.174,42.986,-0.8119999999999976,down
2016-05-09,43.144001,41.784,1.360001000000004,up
2016-05-10,41.509997999999996,41.737999,-0.22800100000000612,down
2016-05-11,41.518002,41.792,-0.27399799999999885,down
2016-05-12,42.287997999999995,41.456001,0.8319969999999941,up
2016-05-13,41.556,41.521999,0.034000999999996395,up
2016-05-16,41.630001,41.658001,-0.027999999999998693,down
2016-05-17,41.810001,40.931999,0.8780020000000022,up
2016-05-18,41.830002,42.234001,-0.4039989999999989,down
2016-05-19,42.723999,43.042,-0.3180010000000024,down
2016-05-20,43.397999,44.056,-0.6580009999999987,down
2016-05-23,43.973999,43.243999,0.7299999999999969,up
2016-05-24,43.32,43.582001,-0.26200099999999793,down
2016-05-25,43.582001,43.916,-0.3339989999999986,down
2016-05-26,44.099998,45.023998,-0.9239999999999995,down
2016-05-27,44.998001,44.608002,0.3899990000000031,up
2016-05-31,44.608002,44.646,-0.03799800000000175,down
2016-06-01,44.296001000000004,43.911999,0.3840020000000024,up
2016-06-02,43.917999,43.792,0.1259990000000002,up
2016-06-03,44.0,43.798,0.20199999999999818,up
2016-06-06,43.599998,44.136002000000005,-0.5360040000000055,down
2016-06-07,44.448002,46.467999,-2.0199969999999965,down
2016-06-08,46.759997999999996,47.104,-0.34400200000000325,down
2016-06-09,46.995998,45.872002,1.1239959999999982,up
2016-06-10,45.478001,43.757999,1.720002000000001,up
2016-06-13,43.900002,43.574001,0.326000999999998,up
2016-06-14,43.776001,42.992001,0.7839999999999989,up
2016-06-15,43.389998999999996,43.540001000000004,-0.15000200000000774,down
2016-06-16,43.484001,43.585999,-0.10199800000000181,down
2016-06-17,43.562,43.094002,0.46799799999999436,up
2016-06-20,43.900002,43.939999,-0.039996999999999616,down
2016-06-21,44.136002000000005,43.922001,0.21400100000000322,up
2016-06-22,39.894001,39.332001,0.5620000000000047,up
2016-06-23,39.138,39.279999,-0.14199899999999843,down
2016-06-24,38.009997999999996,38.630001,-0.6200030000000041,down
2016-06-27,38.172001,39.709998999999996,-1.5379979999999946,down
2016-06-28,40.377998,40.358002,0.019995999999999015,up
2016-06-29,41.026001,42.037997999999995,-1.0119969999999938,down
2016-06-30,42.594002,42.456001,0.1380010000000027,up
2016-07-01,41.228001,43.299999,-2.0719980000000007,down
2016-07-05,41.945999,42.796001000000004,-0.8500020000000035,down
2016-07-06,42.0,42.888,-0.8879999999999981,down
2016-07-07,42.619999,43.188,-0.5680010000000024,down
2016-07-08,43.560001,43.355999,0.20400200000000268,up
2016-07-11,43.992001,44.956001,-0.9639999999999986,down
2016-07-12,44.82,44.93,-0.10999999999999943,down
2016-07-13,45.099998,44.506001,0.5939970000000017,up
2016-07-14,44.624001,44.306,0.3180010000000024,up
2016-07-15,44.504002,44.080002,0.4239999999999995,up
2016-07-18,43.928001,45.25,-1.3219989999999981,down
2016-07-19,45.0,45.051998,-0.051997999999997546,down
2016-07-20,45.293999,45.672001,-0.37800200000000217,down
2016-07-21,45.200001,44.099998,1.100003000000001,up
2016-07-22,44.397999,44.453998999999996,-0.055999999999997385,down
2016-07-25,44.453998999999996,46.001999,-1.5480000000000018,down
2016-07-26,45.537997999999995,45.902,-0.3640020000000064,down
2016-07-27,45.868,45.698002,0.16999799999999965,up
2016-07-28,45.59,46.122002,-0.5320019999999985,down
2016-07-29,46.139998999999996,46.958,-0.8180010000000024,down
2016-08-01,47.099998,46.001999,1.0979990000000015,up
2016-08-02,45.874001,45.439999,0.43400199999999955,up
2016-08-03,45.473999,45.158001,0.31599800000000045,up
2016-08-04,45.138,46.122002,-0.9840020000000038,down
2016-08-05,46.0,46.006001,-0.006000999999997703,down
2016-08-08,45.599998,45.231998,0.3680000000000021,up
2016-08-09,45.363997999999995,45.816002000000005,-0.4520040000000094,down
2016-08-10,45.647999,45.130001,0.5179979999999986,up
2016-08-11,45.234001,44.981998,0.252003000000002,up
2016-08-12,45.082001,45.122002,-0.04000100000000373,down
2016-08-15,45.203998999999996,45.118,0.08599899999999394,up
2016-08-16,45.098,44.722,0.37599999999999767,up
2016-08-17,44.866001000000004,44.647999,0.21800200000000558,up
2016-08-18,44.764,44.702,0.06200000000000472,up
2016-08-19,44.708,45.0,-0.2920000000000016,down
2016-08-22,44.834,44.585999,0.24800100000000214,up
2016-08-23,44.863997999999995,44.967999,-0.10400100000000378,down
2016-08-24,45.41,44.523998,0.8860019999999977,up
2016-08-25,44.622002,44.192001,0.4300010000000043,up
2016-08-26,44.428001,43.998001,0.4299999999999997,up
2016-08-29,44.029999,43.040001000000004,0.9899979999999928,up
2016-08-30,43.222,42.268002,0.9539979999999986,up
2016-08-31,42.085999,42.402,-0.316001,down
2016-09-01,41.801998,40.153999,1.6479989999999987,up
2016-09-02,40.466,39.556,0.9100000000000037,up
2016-09-06,39.804001,40.566002000000005,-0.762001000000005,down
2016-09-07,41.099998,40.341999,0.7579989999999981,up
2016-09-08,39.91,39.472,0.4379999999999953,up
2016-09-09,39.818001,38.894001,0.9239999999999995,up
2016-09-12,39.0,39.66,-0.6599999999999966,down
2016-09-13,39.411999,39.209998999999996,0.2020000000000053,up
2016-09-14,39.150002,39.282001,-0.13199900000000042,down
2016-09-15,39.298,40.084,-0.7860000000000014,down
2016-09-16,40.084,41.080002,-0.9960019999999972,down
2016-09-19,41.400002,41.268002,0.1319999999999979,up
2016-09-20,41.369999,40.928001,0.4419979999999981,up
2016-09-21,41.273998,41.043999,0.2299989999999994,up
2016-09-22,41.279999,41.285999,-0.006000000000000227,down
2016-09-23,41.198002,41.490002000000004,-0.2920000000000016,down
2016-09-26,41.299999,41.798,-0.49800100000000214,down
2016-09-27,41.93,41.161999,0.7680009999999982,up
2016-09-28,41.501999,41.254002,0.24799699999999802,up
2016-09-29,41.119999,40.139998999999996,0.980000000000004,up
2016-09-30,40.442001,40.806,-0.36399899999999974,down
2016-10-03,42.459998999999996,42.740002000000004,-0.2800030000000078,down
2016-10-04,42.619999,42.282001,0.3379979999999989,up
2016-10-05,42.448002,41.692001,0.7560010000000048,up
2016-10-06,40.492001,40.200001,0.2920000000000016,up
2016-10-07,40.200001,39.321999,0.8780020000000022,up
2016-10-10,40.27,40.189999,0.08000100000000288,up
2016-10-11,40.369999,40.02,0.34999899999999684,up
2016-10-12,40.189999,40.301998,-0.1119989999999973,down
2016-10-13,40.099998,40.048,0.051997999999997546,up
2016-10-14,40.132,39.301998,0.8300020000000004,up
2016-10-17,39.41,38.792,0.617999999999995,up
2016-10-18,39.198002,39.82,-0.6219979999999978,down
2016-10-19,39.948002,40.712002000000005,-0.7640000000000029,down
2016-10-20,40.424,39.82,0.6039999999999992,up
2016-10-21,39.720001,40.018002,-0.2980009999999993,down
2016-10-24,40.200001,40.551998,-0.35199699999999723,down
2016-10-25,40.580002,40.467999,0.11200300000000141,up
2016-10-26,40.200001,40.448002,-0.24800100000000214,down
2016-10-27,42.268002,40.801998,1.4660040000000052,up
2016-10-28,40.799999,39.993999,0.8059999999999974,up
2016-10-31,40.498001,39.546001000000004,0.9519999999999982,up
2016-11-01,39.608002,38.158001,1.4500010000000003,up
2016-11-02,38.009997999999996,37.604,0.40599799999999675,up
2016-11-03,37.799999,37.484001,0.31599800000000045,up
2016-11-04,37.799999,38.112,-0.3120010000000022,down
2016-11-07,38.717999,38.641998,0.07600099999999799,up
2016-11-08,38.757999,38.987999,-0.23000000000000398,down
2016-11-09,37.375999,38.012001,-0.6360019999999977,down
2016-11-10,38.209998999999996,37.07,1.139998999999996,up
2016-11-11,36.848,37.712002000000005,-0.8640020000000064,down
2016-11-14,37.599998,36.290001000000004,1.3099969999999956,up
2016-11-15,36.556,36.754002,-0.19800200000000245,down
2016-11-16,36.529999,36.785999,-0.2560000000000002,down
2016-11-17,36.698002,37.731998,-1.0339959999999948,down
2016-11-18,38.130001,37.004002,1.1259990000000002,up
2016-11-21,37.007999,36.903999,0.1039999999999992,up
2016-11-22,37.167999,38.234001,-1.0660019999999975,down
2016-11-23,38.122002,38.627998,-0.5059959999999961,down
2016-11-25,38.728001,39.330002,-0.6020010000000013,down
2016-11-28,39.096001,39.223999,-0.12799799999999806,down
2016-11-29,39.112,37.914001,1.197999000000003,up
2016-11-30,38.200001,37.880001,0.3200000000000003,up
2016-12-01,37.650002,36.375999,1.2740030000000004,up
2016-12-02,36.576,36.293999,0.28200100000000106,up
2016-12-05,36.501999,37.360001000000004,-0.8580020000000061,down
2016-12-06,37.104,37.169998,-0.06599800000000045,down
2016-12-07,37.23,38.630001,-1.4000010000000032,down
2016-12-08,38.41,38.458,-0.04800000000000182,down
2016-12-09,38.174,38.436001,-0.26200099999999793,down
2016-12-12,38.560001,38.486,0.07400100000000265,up
2016-12-13,38.636002000000005,39.630001,-0.9939989999999952,down
2016-12-14,39.748001,39.737999,0.010002000000000066,up
2016-12-15,39.681999,39.515999,0.16599999999999682,up
2016-12-16,39.616001000000004,40.498001,-0.8819999999999979,down
2016-12-19,40.498001,40.546001000000004,-0.04800000000000182,down
2016-12-20,40.610001000000004,41.757999,-1.147997999999994,down
2016-12-21,41.689999,41.540001000000004,0.14999799999999652,up
2016-12-22,41.644001,41.689999,-0.04599799999999732,down
2016-12-23,41.599998,42.667999,-1.0680010000000024,down
2016-12-27,42.976002,43.905998,-0.9299959999999956,down
2016-12-28,44.306,43.948002,0.35799799999999493,up
2016-12-29,43.712002000000005,42.936001,0.7760010000000079,up
2016-12-30,43.259997999999996,42.737999,0.5219989999999939,up
2017-01-03,42.972,43.397999,-0.42599899999999735,down
2017-01-04,42.950001,45.397999,-2.4479979999999983,down
2017-01-05,45.284,45.349998,-0.06599800000000045,down
2017-01-06,45.386002000000005,45.801998,-0.4159959999999927,down
2017-01-09,45.793999,46.256001,-0.46200199999999825,down
2017-01-10,46.400002,45.973999,0.42600300000000146,up
2017-01-11,45.813999,45.945999,-0.1319999999999979,down
2017-01-12,45.812,45.917999,-0.10599900000000417,down
2017-01-13,46.0,47.549999,-1.5499989999999997,down
2017-01-17,47.34,47.116001000000004,0.22399899999999917,up
2017-01-18,47.330002,47.672001,-0.3419990000000013,down
2017-01-19,49.450001,48.751999,0.6980020000000025,up
2017-01-20,49.091999,48.945999,0.1460000000000008,up
2017-01-23,49.169998,49.784,-0.6140019999999993,down
2017-01-24,50.0,50.922001,-0.9220010000000016,down
2017-01-25,51.462002000000005,50.894001,0.5680010000000024,up
2017-01-26,50.858002,50.501999,0.3560030000000012,up
2017-01-27,50.276001,50.59,-0.3139990000000026,down
2017-01-30,50.506001,50.125999,0.3800019999999975,up
2017-01-31,49.848,50.386002000000005,-0.5380020000000059,down
2017-02-01,50.610001000000004,49.848,0.762001000000005,up
2017-02-02,49.667999,50.310001,-0.642001999999998,down
2017-02-03,50.382,50.265999,0.11600099999999713,up
2017-02-06,50.200001,51.554001,-1.3539999999999992,down
2017-02-07,51.638,51.495998,0.14200199999999796,up
2017-02-08,51.470001,52.416,-0.9459989999999934,down
2017-02-09,53.25,53.84,-0.5900000000000034,down
2017-02-10,53.958,53.846001,0.1119989999999973,up
2017-02-13,54.147999,56.119999,-1.9720000000000013,down
2017-02-14,55.806,56.195999,-0.3899990000000031,down
2017-02-15,56.0,55.952,0.04800000000000182,up
2017-02-16,55.52,53.790001000000004,1.7299989999999994,up
2017-02-17,53.16,54.445999,-1.285999000000004,down
2017-02-21,55.09,55.478001,-0.3880009999999956,down
2017-02-22,56.062,54.702,1.3599999999999994,up
2017-02-23,52.799999,51.198002,1.6019969999999972,up
2017-02-24,50.532001,51.400002,-0.8680009999999996,down
2017-02-27,49.633998999999996,49.245998,0.3880009999999956,up
2017-02-28,48.838001,49.998001,-1.1600000000000037,down
2017-03-01,50.835999,50.004002,0.8319970000000012,up
2017-03-02,49.942001,50.096001,-0.15400000000000347,down
2017-03-03,50.147999,50.313999,-0.16600000000000392,down
2017-03-06,49.582001,50.242001,-0.6600000000000037,down
2017-03-07,50.383998999999996,49.717999,0.6659999999999968,up
2017-03-08,49.400002,49.374001,0.02600100000000083,up
2017-03-09,49.526001,48.98,0.546001000000004,up
2017-03-10,49.242001,48.737999,0.5040019999999998,up
2017-03-13,48.964001,49.234001,-0.269999999999996,down
2017-03-14,49.222,51.599998,-2.377997999999998,down
2017-03-15,51.400002,51.146,0.25400199999999984,up
2017-03-16,52.48,52.41,0.07000000000000028,up
2017-03-17,52.799999,52.299999,0.5,up
2017-03-20,52.119999,52.383998999999996,-0.2639999999999958,down
2017-03-21,52.566002000000005,50.136002000000005,2.4299999999999997,up
2017-03-22,50.312,51.001999,-0.6899990000000003,down
2017-03-23,51.077999,50.956001,0.12199799999999783,up
2017-03-24,51.139998999999996,52.632,-1.492001000000002,down
2017-03-27,52.119999,54.043999,-1.9239999999999995,down
2017-03-28,55.403999,55.490002000000004,-0.08600300000000516,down
2017-03-29,55.667999,55.476002,0.19199700000000064,up
2017-03-30,55.608002,55.584,0.02400199999999586,up
2017-03-31,55.745998,55.66,0.08599800000000357,up
2017-04-03,57.380001,59.703998999999996,-2.323997999999996,down
2017-04-04,59.377998,60.740002000000004,-1.362004000000006,down
2017-04-05,60.408001,59.0,1.4080009999999987,up
2017-04-06,59.375999,59.740002000000004,-0.36400300000000385,down
2017-04-07,59.5,60.507999,-1.007998999999998,down
2017-04-10,61.830002,62.478001,-0.6479989999999987,down
2017-04-11,62.675999,61.742001,0.9339979999999954,up
2017-04-12,61.268002,59.368,1.9000020000000006,up
2017-04-13,59.34,60.799999,-1.4599989999999963,down
2017-04-17,60.540001000000004,60.287997999999995,0.2520030000000091,up
2017-04-18,59.939999,60.049999,-0.10999999999999943,down
2017-04-19,60.492001,61.104,-0.6119989999999973,down
2017-04-20,61.301998,60.501999,0.7999989999999997,up
2017-04-21,60.400002,61.119999,-0.7199969999999993,down
2017-04-24,61.844002,61.605999,0.23800300000000618,up
2017-04-25,61.599998,62.757999,-1.1580009999999987,down
2017-04-26,62.473999,62.034,0.43999900000000025,up
2017-04-27,62.338001,61.726002,0.6119989999999973,up
2017-04-28,61.966,62.813999,-0.8479990000000015,down
2017-05-01,62.976002,64.566002,-1.5899999999999963,down
2017-05-02,64.800003,63.778,1.022003000000005,up
2017-05-03,63.534,62.203998999999996,1.3300010000000029,up
2017-05-04,61.487999,59.091999,2.396000000000001,up
2017-05-05,59.599998,61.669998,-2.0700000000000003,down
2017-05-08,62.18,61.438,0.7419999999999973,up
2017-05-09,61.875999,64.251999,-2.3759999999999977,down
2017-05-10,64.311996,65.043999,-0.732003000000006,down
2017-05-11,64.68,64.620003,0.05999700000000985,up
2017-05-12,65.096001,64.961998,0.13400300000000698,up
2017-05-15,63.675999,63.175999,0.5,up
2017-05-16,63.518002,63.402,0.11600200000000171,up
2017-05-17,62.877998,61.222,1.6559979999999968,up
2017-05-18,61.400002,62.612,-1.2119980000000012,down
2017-05-19,63.099998,62.166,0.9339980000000025,up
2017-05-22,62.560001,62.07,0.49000099999999946,up
2017-05-23,62.091999,60.771999,1.3200000000000003,up
2017-05-24,61.301998,62.043999,-0.7420010000000019,down
2017-05-25,62.203998999999996,63.366001000000004,-1.1620020000000082,down
2017-05-26,63.456001,65.028,-1.5719990000000053,down
2017-05-30,65.199997,67.019997,-1.8200000000000074,down
2017-05-31,67.538002,68.202003,-0.664000999999999,down
2017-06-01,68.800003,68.07399699999999,0.7260060000000124,up
2017-06-02,67.954002,67.970001,-0.015998999999993657,down
2017-06-05,67.699997,69.46399699999999,-1.7639999999999958,down
2017-06-06,68.940002,70.57,-1.6299979999999863,down
2017-06-07,71.26799799999999,71.93,-0.6620020000000153,down
2017-06-08,72.75,74.0,-1.25,down
2017-06-09,74.884003,71.46399699999999,3.420006000000015,up
2017-06-12,71.598,71.802002,-0.20400200000000268,down
2017-06-13,73.524002,75.190002,-1.666000000000011,down
2017-06-14,76.218002,76.13200400000001,0.08599799999998936,up
2017-06-15,74.5,75.068001,-0.5680009999999953,down
2017-06-16,75.596001,74.279999,1.3160019999999975,up
2017-06-19,75.0,73.959999,1.0400010000000037,up
2017-06-20,75.334,74.447998,0.8860020000000048,up
2017-06-21,74.870003,75.279999,-0.4099960000000067,down
2017-06-22,75.598,76.522003,-0.924002999999999,down
2017-06-23,76.489998,76.690002,-0.20000400000000695,down
2017-06-26,77.337997,75.498001,1.8399959999999993,up
2017-06-27,75.279999,72.47399899999999,2.8060000000000116,up
2017-06-28,73.335999,74.248001,-0.9120020000000011,down
2017-06-29,74.122002,72.150002,1.9719999999999942,up
2017-06-30,72.741997,72.321999,0.41999799999999254,up
2017-07-03,74.047997,70.524002,3.5239949999999993,up
2017-07-05,69.440002,65.417999,4.022003000000012,up
2017-07-06,63.452,61.765999,1.6860009999999974,up
2017-07-07,62.700001,62.644001,0.055999999999997385,up
2017-07-10,62.580002,63.209998999999996,-0.6299969999999959,down
2017-07-11,63.200001,65.444,-2.2439990000000023,down
2017-07-12,66.08000200000001,65.903999,0.17600300000000857,up
2017-07-13,66.022003,64.681999,1.3400039999999933,up
2017-07-14,64.638,65.556,-0.9179999999999922,down
2017-07-17,65.108002,63.914001,1.194001,up
2017-07-18,63.5,65.648003,-2.1480030000000028,down
2017-07-19,65.646004,65.052002,0.5940020000000032,up
2017-07-20,65.379997,65.984001,-0.6040040000000033,down
2017-07-21,65.891998,65.68,0.21199799999999414,up
2017-07-24,66.047997,68.503998,-2.4560010000000005,down
2017-07-25,69.0,67.91999799999999,1.0800020000000075,up
2017-07-26,68.071999,68.769997,-0.6979979999999983,down
2017-07-27,69.199997,66.891998,2.3079989999999952,up
2017-07-28,67.377998,67.014,0.36399800000000937,up
2017-07-31,67.099998,64.694,2.4059979999999968,up
2017-08-01,64.599998,63.914001,0.6859970000000004,up
2017-08-02,63.787997999999995,65.178001,-1.390003,down
2017-08-03,69.066002,69.417999,-0.35199699999999723,down
2017-08-04,69.400002,71.38200400000001,-1.9820020000000085,down
2017-08-07,71.470001,71.033997,0.43600399999999695,up
2017-08-08,71.505997,73.043999,-1.5380020000000059,down
2017-08-09,72.199997,72.706001,-0.5060040000000043,down
2017-08-10,72.32,71.08000200000001,1.2399979999999857,up
2017-08-11,71.393997,71.57399699999999,-0.1799999999999926,down
2017-08-14,72.92600300000001,72.760002,0.1660010000000085,up
2017-08-15,73.040001,72.466003,0.5739980000000031,up
2017-08-16,72.599998,72.582001,0.017996999999994046,up
2017-08-17,72.241997,70.384003,1.8579939999999908,up
2017-08-18,70.582001,69.491997,1.0900040000000075,up
2017-08-21,69.164001,67.571999,1.5920019999999937,up
2017-08-22,68.225998,68.269997,-0.043998999999999455,down
2017-08-23,67.797997,70.554001,-2.7560040000000043,down
2017-08-24,70.503998,70.585999,-0.08200100000000532,down
2017-08-25,70.848,69.610001,1.237999000000002,up
2017-08-28,69.456001,69.13200400000001,0.32399699999999143,up
2017-08-29,67.896004,69.472,-1.5759959999999893,down
2017-08-30,69.933998,70.636002,-0.7020040000000023,down
2017-08-31,70.709999,71.18,-0.47000100000001055,down
2017-09-01,71.22399899999999,71.08000200000001,0.1439969999999846,up
2017-09-05,70.760002,69.917999,0.8420030000000054,up
2017-09-06,69.900002,68.905998,0.9940040000000039,up
2017-09-07,69.195999,70.122002,-0.9260029999999944,down
2017-09-08,69.797997,68.68,1.1179969999999884,up
2017-09-11,70.269997,72.737999,-2.4680019999999985,down
2017-09-12,72.898003,72.550003,0.347999999999999,up
2017-09-13,72.764,73.246002,-0.4820020000000085,down
2017-09-14,72.865997,75.528,-2.6620030000000128,down
2017-09-15,74.902,75.961998,-1.0599979999999931,down
2017-09-18,76.050003,77.0,-0.9499969999999962,down
2017-09-19,76.0,75.019997,0.9800029999999964,up
2017-09-20,74.599998,74.781998,-0.18200000000000216,down
2017-09-21,74.980003,73.295998,1.684004999999999,up
2017-09-22,73.297997,70.218002,3.0799949999999967,up
2017-09-25,70.629997,68.998001,1.631996000000001,up
2017-09-26,70.185997,69.050003,1.1359939999999966,up
2017-09-27,69.980003,68.194,1.7860029999999938,up
2017-09-28,67.975998,67.91999799999999,0.056000000000011596,up
2017-09-29,68.372002,68.220001,0.1520009999999985,up
2017-10-02,68.503998,68.306,0.19799799999999834,up
2017-10-03,67.18,69.627998,-2.4479979999999983,down
2017-10-04,70.25,71.001999,-0.7519989999999979,down
2017-10-05,71.199997,71.066002,0.13399499999999875,up
2017-10-06,70.620003,71.375999,-0.7559959999999961,down
2017-10-09,69.93,68.587997,1.3420030000000054,up
2017-10-10,69.360001,71.11799599999999,-1.757994999999994,down
2017-10-11,70.778,70.91999799999999,-0.14199799999998675,down
2017-10-12,70.589996,71.136002,-0.5460060000000055,down
2017-10-13,71.396004,71.113998,0.28200600000000975,up
2017-10-16,70.751999,70.120003,0.6319960000000009,up
2017-10-17,70.181999,71.150002,-0.968002999999996,down
2017-10-18,71.194,71.93,-0.7360000000000042,down
2017-10-19,71.112,70.362,0.75,up
2017-10-20,70.538002,69.019997,1.5180050000000023,up
2017-10-23,69.975998,67.403999,2.5719990000000053,up
2017-10-24,67.760002,67.468002,0.2920000000000016,up
2017-10-25,67.339996,65.167999,2.1719970000000046,up
2017-10-26,65.556,65.234001,0.32199899999999104,up
2017-10-27,63.950001,64.17400400000001,-0.2240030000000104,down
2017-10-30,63.835999,64.015999,-0.1799999999999926,down
2017-10-31,64.045998,66.306,-2.260002,down
2017-11-01,66.449997,64.216003,2.2339939999999956,up
2017-11-02,60.026001,59.852001,0.1739999999999995,up
2017-11-03,59.900002,61.217999,-1.3179969999999983,down
2017-11-06,61.400002,60.556,0.8440020000000032,up
2017-11-07,60.203998999999996,61.209998999999996,-1.0060000000000002,down
2017-11-08,61.099998,60.877998,0.2220000000000013,up
2017-11-09,60.5,60.598,-0.09799999999999898,down
2017-11-10,60.5,60.598,-0.09799999999999898,down
2017-11-13,60.026001,63.080002,-3.0540009999999995,down
2017-11-14,63.0,61.740002000000004,1.259997999999996,up
2017-11-15,61.202,62.259997999999996,-1.0579979999999978,down
2017-11-16,62.798,62.5,0.2980000000000018,up
2017-11-17,65.134003,63.009997999999996,2.124005000000011,up
2017-11-20,62.757999,61.748001,1.009997999999996,up
2017-11-21,62.172001,63.562,-1.389998999999996,down
2017-11-22,63.354,62.52,0.8339999999999961,up
2017-11-24,62.757999,63.110001000000004,-0.3520020000000059,down
2017-11-27,62.650002,63.362,-0.7119980000000012,down
2017-11-28,63.271999,63.509997999999996,-0.23799899999999496,down
2017-11-29,63.459998999999996,61.507999,1.9519999999999982,up
2017-11-30,61.712002000000005,61.77,-0.057997999999997774,down
2017-12-01,61.088001,61.306,-0.21799899999999894,down
2017-12-04,61.299999,61.040001000000004,0.25999799999999595,up
2017-12-05,60.400002,60.740002000000004,-0.3400000000000034,down
2017-12-06,60.02,62.652,-2.631999999999998,down
2017-12-07,62.400002,62.248001,0.1520009999999985,up
2017-12-08,62.919998,63.026001,-0.10600300000000118,down
2017-12-11,62.925999,65.781998,-2.855999000000004,down
2017-12-12,66.089996,68.206001,-2.1160050000000012,down
2017-12-13,68.185997,67.806,0.379997000000003,up
2017-12-14,68.202003,67.57800300000001,0.6239999999999952,up
2017-12-15,68.407997,68.690002,-0.2820050000000123,down
2017-12-18,68.980003,67.774002,1.2060010000000005,up
2017-12-19,68.052002,66.220001,1.8320010000000053,up
2017-12-20,66.538002,65.795998,0.7420040000000085,up
2017-12-21,65.917999,66.332001,-0.41400200000001064,down
2017-12-22,65.902,65.040001,0.8619989999999973,up
2017-12-26,64.765999,63.458,1.3079989999999952,up
2017-12-27,63.200001,62.327999,0.8720020000000019,up
2017-12-28,62.349998,63.071999,-0.7220009999999988,down
2017-12-29,63.236,62.27,0.965999999999994,up
2018-01-02,62.400002,64.106003,-1.7060010000000005,down
2018-01-03,64.199997,63.450001,0.7499959999999959,up
2018-01-04,62.574001,62.924,-0.34999899999999684,down
2018-01-05,63.324001,63.316002000000005,0.007998999999998091,up
2018-01-08,63.200001,67.281998,-4.081997000000001,down
2018-01-09,67.031998,66.737999,0.29399899999999946,up
2018-01-10,66.440002,66.959999,-0.5199969999999894,down
2018-01-11,67.047997,67.589996,-0.5419990000000041,down
2018-01-12,67.725998,67.244003,0.48199499999999773,up
2018-01-16,67.508003,68.012001,-0.5039979999999957,down
2018-01-17,68.094002,69.431999,-1.3379970000000014,down
2018-01-18,69.134003,68.914001,0.22000200000000802,up
2018-01-19,69.0,70.003998,-1.0039979999999957,down
2018-01-22,69.879997,70.311996,-0.4319989999999905,down
2018-01-23,72.0,70.557999,1.4420010000000048,up
2018-01-24,70.916,69.178001,1.737999000000002,up
2018-01-25,69.653999,67.528,2.125998999999993,up
2018-01-26,68.300003,68.57,-0.2699969999999894,down
2018-01-29,67.970001,69.905998,-1.9359970000000004,down
2018-01-30,69.028,69.164001,-0.13600099999999316,down
2018-01-31,69.501999,70.862,-1.360000999999997,down
2018-02-01,70.199997,69.849998,0.34999899999999684,up
2018-02-02,69.688004,68.75,0.9380040000000065,up
2018-02-05,67.594002,66.625999,0.9680030000000102,up
2018-02-06,65.042,66.793999,-1.7519989999999979,down
2018-02-07,67.797997,69.0,-1.2020030000000048,down
2018-02-08,68.662003,63.046001000000004,5.616001999999995,up
2018-02-09,63.986,62.084,1.901999999999994,up
2018-02-12,63.226002,63.146,0.08000200000000035,up
2018-02-13,63.004002,64.73200200000001,-1.7280000000000086,down
2018-02-14,64.167999,64.461998,-0.29399899999999946,down
2018-02-15,64.900002,66.814003,-1.914000999999999,down
2018-02-16,66.5,67.098,-0.597999999999999,down
2018-02-20,66.893997,66.954002,-0.06000500000000386,down
2018-02-21,67.206001,66.660004,0.5459969999999998,up
2018-02-22,67.106003,69.234001,-2.127998000000005,down
2018-02-23,69.566002,70.410004,-0.8440020000000032,down
2018-02-26,70.699997,71.484001,-0.7840040000000101,down
2018-02-27,71.25,70.197998,1.0520020000000017,up
2018-02-28,70.514,68.612,1.902000000000001,up
2018-03-01,69.001999,66.185997,2.8160019999999975,up
2018-03-02,65.396004,67.024002,-1.627997999999991,down
2018-03-05,66.477997,66.66999799999999,-0.19200099999999054,down
2018-03-06,66.75,65.639999,1.110000999999997,up
2018-03-07,65.087997,66.459999,-1.3720019999999948,down
2018-03-08,66.571999,65.82,0.7519990000000121,up
2018-03-09,64.82,65.433998,-0.6139980000000094,down
2018-03-12,65.722,69.101997,-3.379997000000003,down
2018-03-13,65.722,68.36799599999999,-2.6459959999999967,down
2018-03-14,67.351997,65.32599599999999,2.026001000000008,up
2018-03-15,65.875999,65.120003,0.7559959999999961,up
2018-03-16,64.585999,64.269997,0.31600199999999745,up
2018-03-19,63.299999,62.712002000000005,0.5879969999999943,up
2018-03-20,62.973999,62.110001000000004,0.8639979999999952,up
2018-03-21,62.049999,63.306,-1.2560009999999977,down
2018-03-22,62.778,61.82,0.9579999999999984,up
2018-03-23,62.25,60.307999,1.9420009999999976,up
2018-03-26,61.467999,60.835999,0.6319999999999979,up
2018-03-27,60.799999,55.835999,4.963999999999999,up
2018-03-28,52.916,51.556,1.3599999999999994,up
2018-03-29,51.298,53.226002,-1.9280019999999993,down
2018-04-02,51.251999,50.495998,0.7560009999999977,up
2018-04-03,53.964001,53.506001,0.4580000000000055,up
2018-04-04,50.556,57.388,-6.832000000000001,down
2018-04-05,57.868,61.144001,-3.276001000000001,down
2018-04-06,60.200001,59.860001000000004,0.3399999999999963,up
2018-04-09,60.074001,57.931999,2.142002000000005,up
2018-04-10,59.793999,60.939999,-1.1460000000000008,down
2018-04-11,60.147999,60.186001,-0.03800199999999876,down
2018-04-12,60.464001,58.816002000000005,1.6479989999999987,up
2018-04-13,60.720001,60.068001,0.652000000000001,up
2018-04-16,59.799999,58.242001,1.5579979999999978,up
2018-04-17,57.773998,57.537997999999995,0.2360000000000042,up
2018-04-18,58.216,58.669998,-0.45399799999999857,down
2018-04-19,58.216,60.015999,-1.7999989999999997,down
2018-04-20,59.034,58.048,0.9859999999999971,up
2018-04-23,58.257999,56.674,1.5839989999999986,up
2018-04-24,57.0,56.692001,0.30799900000000235,up
2018-04-25,56.700001,56.138,0.5620010000000022,up
2018-04-26,55.75,57.096001,-1.3460010000000011,down
2018-04-27,57.074001,58.816002000000005,-1.742001000000002,down
2018-04-30,58.722,58.779999,-0.05799899999999525,down
2018-05-01,58.702,59.984001,-1.282001000000001,down
2018-05-02,59.714001,60.23,-0.5159989999999937,down
2018-05-03,55.757999,56.889998999999996,-1.131999999999998,down
2018-05-04,56.599998,58.818001,-2.218003000000003,down
2018-05-07,59.5,60.554001,-1.0540009999999995,down
2018-05-08,60.16,60.394001,-0.23400100000000634,down
2018-05-09,60.082001,61.369999,-1.2879980000000018,down
2018-05-10,61.5,61.004002,0.49599800000000016,up
2018-05-11,61.540001000000004,60.212002000000005,1.3279989999999984,up
2018-05-14,60.664001,58.394001,2.269999999999996,up
2018-05-15,57.001999,56.835999,0.16599999999999682,up
2018-05-16,56.765999,57.296001000000004,-0.5300020000000032,down
2018-05-17,57.18,56.908001,0.271999000000001,up
2018-05-18,56.93,55.363997999999995,1.5660020000000046,up
2018-05-21,56.265999,56.897999,-0.6319999999999979,down
2018-05-22,57.551998,55.001999,2.5499989999999997,up
2018-05-23,55.551998,55.813999,-0.26200100000000504,down
2018-05-24,55.68,55.57,0.10999999999999943,up
2018-05-25,55.526001,55.77,-0.2439990000000023,down
2018-05-29,55.702,56.751999,-1.0499989999999997,down
2018-05-30,56.658001,58.344002,-1.6860010000000045,down
2018-05-31,57.442001,56.945999,0.49600199999999717,up
2018-06-01,57.172001,58.363997999999995,-1.1919969999999935,down
2018-06-04,58.868,59.348,-0.4799999999999969,down
2018-06-05,59.540001000000004,58.226002,1.3139990000000026,up
2018-06-06,60.099998,63.900002,-3.8000040000000013,down
2018-06-07,63.23,63.217999,0.01200099999999793,up
2018-06-08,63.799999,63.532001,0.2679979999999986,up
2018-06-11,64.501999,66.41999799999999,-1.9179989999999947,down
2018-06-12,68.940002,68.554001,0.38600100000000737,up
2018-06-13,69.342003,68.956001,0.38600200000000484,up
2018-06-14,69.52600100000001,71.543999,-2.0179979999999915,down
2018-06-15,70.76799799999999,71.634003,-0.8660050000000155,down
2018-06-18,71.08000200000001,74.166,-3.0859979999999894,down
2018-06-19,73.031998,70.510002,2.5219960000000015,up
2018-06-20,71.608002,72.444,-0.8359980000000036,down
2018-06-21,72.400002,69.501999,2.8980030000000028,up
2018-06-22,70.307999,66.725998,3.582000999999991,up
2018-06-25,66.024002,66.601997,-0.5779950000000014,down
2018-06-26,67.209999,68.400002,-1.1900030000000044,down
2018-06-27,69.0,68.900002,0.09999799999999937,up
2018-06-28,69.73200200000001,69.986,-0.2539979999999957,down
2018-06-29,70.666,68.589996,2.0760039999999975,up
2018-07-02,72.014,67.014,5.0,up
2018-07-03,66.349998,62.172001,4.177996999999998,up
2018-07-05,62.751999,61.832001,0.9199979999999996,up
2018-07-06,60.990002000000004,61.779999,-0.7899969999999925,down
2018-07-09,62.397999,63.702,-1.3040009999999995,down
2018-07-10,64.912003,64.494003,0.41799999999999216,up
2018-07-11,63.16,63.792,-0.632000000000005,down
2018-07-12,64.28600300000001,63.341999,0.9440040000000067,up
2018-07-13,63.116001000000004,63.773998,-0.6579969999999946,down
2018-07-16,62.341999,62.02,0.32199899999999815,up
2018-07-17,61.762001,64.538002,-2.776001000000008,down
2018-07-18,65.0,64.769997,0.2300029999999964,up
2018-07-19,63.265999,64.045998,-0.7799989999999966,down
2018-07-20,64.246002,62.716,1.5300020000000032,up
2018-07-23,60.368,60.639998999999996,-0.2719989999999939,down
2018-07-24,60.883998999999996,59.486,1.3979989999999987,up
2018-07-25,59.348,61.748001,-2.400001000000003,down
2018-07-26,60.970001,61.330002,-0.3600009999999969,down
2018-07-27,61.450001,59.436001,2.014000000000003,up
2018-07-30,59.18,58.034,1.1460000000000008,up
2018-07-31,58.450001,59.627998,-1.1779969999999977,down
2018-08-01,59.598,60.167999,-0.5699990000000028,down
2018-08-02,65.688004,69.907997,-4.219992999999988,down
2018-08-03,69.561996,69.634003,-0.07200700000001348,down
2018-08-06,69.092003,68.398003,0.6940000000000026,up
2018-08-07,68.76799799999999,75.914001,-7.146003000000007,down
2018-08-08,73.818001,74.068001,-0.25,down
2018-08-09,73.110001,70.489998,2.620002999999997,up
2018-08-10,70.800003,71.098,-0.2979969999999952,down
2018-08-13,72.225998,71.281998,0.9440000000000026,up
2018-08-14,71.690002,69.528,2.162002000000001,up
2018-08-15,68.38200400000001,67.737999,0.644005000000007,up
2018-08-16,67.98200200000001,67.089996,0.8920060000000092,up
2018-08-17,64.699997,61.099998,3.599998999999997,up
2018-08-20,58.34,61.688,-3.347999999999999,down
2018-08-21,62.122002,64.379997,-2.257995000000001,down
2018-08-22,64.17400400000001,64.32800300000001,-0.1539989999999989,down
2018-08-23,63.827999,64.019997,-0.19199800000000522,down
2018-08-24,64.139999,64.564003,-0.4240039999999965,down
2018-08-27,63.599998,63.854,-0.25400199999999984,down
2018-08-28,63.681999,62.372002,1.3099969999999956,up
2018-08-29,62.054001,61.001999,1.0520020000000017,up
2018-08-30,60.452,60.630001,-0.17800100000000185,down
2018-08-31,60.400002,60.332001,0.06800100000000242,up
2018-09-04,59.388,57.790001000000004,1.5979989999999944,up
2018-09-05,57.009997999999996,56.147999,0.8619989999999973,up
2018-09-06,56.959998999999996,56.189999,0.769999999999996,up
2018-09-07,52.02,52.647999,-0.6279989999999955,down
2018-09-10,54.652,57.099998,-2.4479979999999983,down
2018-09-11,55.894001,55.888,0.006001000000004808,up
2018-09-12,56.287997999999995,58.108002,-1.8200040000000044,down
2018-09-13,57.604,57.891998,-0.28799800000000175,down
2018-09-14,57.751999,59.040001000000004,-1.2880020000000059,down
2018-09-17,58.007999,58.967999,-0.9600000000000009,down
2018-09-18,59.338001,56.992001,2.3459999999999965,up
2018-09-19,56.102001,59.804001,-3.701999999999998,down
2018-09-20,60.712002000000005,59.666,1.0460020000000085,up
2018-09-21,59.540001000000004,59.82,-0.27999899999999656,down
2018-09-24,59.695999,59.936001,-0.24000199999999694,down
2018-09-25,60.0,60.198002,-0.19800200000000245,down
2018-09-26,60.382,61.916,-1.533999999999999,down
2018-09-27,62.580002,61.504002,1.0760000000000005,up
2018-09-28,54.051998,52.953998999999996,1.0979990000000015,up
2018-10-01,61.153999,62.139998999999996,-0.9859999999999971,down
2018-10-02,62.790001000000004,60.203998999999996,2.5860020000000077,up
2018-10-03,60.666,58.959998999999996,1.7060010000000005,up
2018-10-04,58.790001000000004,56.366001000000004,2.4239999999999995,up
2018-10-05,54.93,52.389998999999996,2.5400010000000037,up
2018-10-08,52.903999,50.112,2.791998999999997,up
2018-10-09,51.049999,52.560001,-1.510002,down
2018-10-10,52.922001,51.375999,1.5460020000000014,up
2018-10-11,51.506001,50.445999,1.0600019999999972,up
2018-10-12,52.200001,51.756001,0.4440000000000026,up
2018-10-15,51.812,51.917999,-0.10599900000000417,down
2018-10-16,53.139998999999996,55.318001,-2.1780020000000064,down
2018-10-17,56.48,54.355999,2.124001,up
2018-10-18,53.858002,52.782001,1.076000999999998,up
2018-10-19,53.478001,52.0,1.478000999999999,up
2018-10-22,52.136002000000005,52.189999,-0.05399699999999541,down
2018-10-23,52.773998,58.827999,-6.0540009999999995,down
2018-10-24,60.209998999999996,57.700001,2.509997999999996,up
2018-10-25,63.444,62.972,0.4720000000000013,up
2018-10-26,61.650002,66.18,-4.529998000000006,down
2018-10-29,67.494003,66.970001,0.5240020000000101,up
2018-10-30,65.678001,65.980003,-0.30200200000000166,down
2018-10-31,66.508003,67.46399699999999,-0.9559939999999898,down
2018-11-01,67.652,68.856003,-1.2040030000000002,down
2018-11-02,68.748001,69.281998,-0.5339969999999994,down
2018-11-05,68.099998,68.279999,-0.1800010000000043,down
2018-11-06,67.814003,68.211998,-0.39799499999999455,down
2018-11-07,68.667999,69.63200400000001,-0.9640050000000144,down
2018-11-08,69.699997,70.279999,-0.5800020000000075,down
2018-11-09,69.800003,70.101997,-0.30199399999999343,down
2018-11-12,69.67400400000001,66.255997,3.418007000000017,up
2018-11-13,66.63200400000001,67.746002,-1.1139979999999952,down
2018-11-14,68.540001,68.800003,-0.26000200000000007,down
2018-11-15,68.466003,69.688004,-1.2220010000000059,down
2018-11-16,69.038002,70.862,-1.823997999999989,down
2018-11-19,71.26799799999999,70.694,0.5739979999999889,up
2018-11-20,68.349998,69.498001,-1.1480030000000028,down
2018-11-21,70.400002,67.638,2.7620019999999954,up
2018-11-23,66.870003,65.166,1.7040030000000002,up
2018-11-26,65.0,69.199997,-4.199996999999996,down
2018-11-27,68.010002,68.783997,-0.7739949999999993,down
2018-11-28,69.197998,69.57399699999999,-0.3759989999999931,down
2018-11-29,69.400002,68.234001,1.1660009999999943,up
2018-11-30,68.365997,70.096001,-1.730004000000008,down
2018-12-03,72.0,71.697998,0.30200200000000166,up
2018-12-04,71.209999,71.940002,-0.7300030000000106,down
2018-12-06,71.202003,72.612,-1.40999699999999,down
2018-12-07,73.800003,71.594002,2.2060010000000005,up
2018-12-10,72.0,73.029999,-1.0299990000000037,down
2018-12-11,73.98200200000001,73.351997,0.6300050000000113,up
2018-12-12,73.884003,73.32,0.5640030000000138,up
2018-12-13,74.029999,75.358002,-1.3280029999999954,down
2018-12-14,75.0,73.141998,1.858001999999999,up
2018-12-17,72.400002,69.683998,2.716003999999998,up
2018-12-18,70.108002,67.405998,2.7020040000000023,up
2018-12-19,67.519997,66.594002,0.9259950000000003,up
2018-12-20,65.410004,63.076,2.334004,up
2018-12-21,63.48,63.953998999999996,-0.47399899999999917,down
2018-12-24,62.700001,59.077999,3.622002000000002,up
2018-12-26,60.0,65.218002,-5.2180019999999985,down
2018-12-27,63.967999,63.226002,0.7419969999999978,up
2018-12-28,64.620003,66.774002,-2.153998999999999,down
2018-12-31,67.557999,66.559998,0.9980010000000021,up
2019-01-02,61.220001,62.023998,-0.8039969999999954,down
2019-01-03,61.400002,60.071999,1.3280030000000025,up
2019-01-04,61.200001,63.537997999999995,-2.3379969999999943,down
2019-01-07,64.344002,66.991997,-2.6479949999999945,down
2019-01-08,68.391998,67.07,1.3219980000000078,up
2019-01-09,67.099998,67.706001,-0.6060030000000012,down
2019-01-10,66.879997,68.994003,-2.1140060000000034,down
2019-01-11,68.417999,69.452003,-1.0340040000000101,down
2019-01-14,68.475998,66.879997,1.5960010000000011,up
2019-01-15,67.0,68.886002,-1.8860020000000048,down
2019-01-16,68.956001,69.209999,-0.2539979999999957,down
2019-01-17,69.241997,69.461998,-0.22000099999999634,down
2019-01-18,64.599998,60.452,4.147998000000001,up
2019-01-22,60.964001,59.784,1.1800010000000043,up
2019-01-23,58.5,57.518002,0.9819979999999973,up
2019-01-24,56.605999,58.301998,-1.6959990000000005,down
2019-01-25,58.877998,59.408001,-0.5300030000000007,down
2019-01-28,58.582001,59.276001,-0.6940000000000026,down
2019-01-29,59.054001,59.492001,-0.4380000000000024,down
2019-01-30,60.09,61.754002,-1.6640019999999964,down
2019-01-31,60.200001,61.403999,-1.2039979999999986,down
2019-02-01,61.084,62.442001,-1.3580009999999945,down
2019-02-04,62.596001,62.577999,0.018002000000002738,up
2019-02-05,62.498001,64.269997,-1.7719960000000015,down
2019-02-06,63.917999,63.444,0.47399899999999917,up
2019-02-07,62.66,61.501999,1.1580009999999987,up
2019-02-08,61.366001000000004,61.16,0.20600100000000765,up
2019-02-11,62.32,62.568001,-0.24800100000000214,down
2019-02-12,63.240002000000004,62.362,0.8780020000000022,up
2019-02-13,62.470001,61.633998999999996,0.8360020000000077,up
2019-02-14,60.675999,60.754002,-0.07800300000000249,down
2019-02-15,60.900002,61.576,-0.6759979999999999,down
2019-02-19,61.312,61.127998,0.18400199999999955,up
2019-02-20,60.882,60.512001,0.36999899999999997,up
2019-02-21,60.362,58.245998,2.1160020000000017,up
2019-02-22,58.897999,58.942001,-0.044001999999998986,down
2019-02-25,59.582001,59.754002,-0.17200100000000162,down
2019-02-26,58.444,59.571999,-1.1279989999999955,down
2019-02-27,60.355999,62.948002,-2.5920030000000054,down
2019-02-28,63.784,63.976002,-0.19200200000000223,down
2019-03-01,61.388,58.958,2.4299999999999997,up
2019-03-04,59.624001,57.071999,2.5520020000000017,up
2019-03-05,56.400002,55.307999,1.0920029999999983,up
2019-03-06,55.296001000000004,55.248001,0.04800000000000182,up
2019-03-07,55.768002,55.318001,0.4500010000000003,up
2019-03-08,55.382,56.827999,-1.4459990000000005,down
2019-03-11,56.703998999999996,58.183997999999995,-1.4799989999999994,down
2019-03-12,57.298,56.672001,0.6259990000000002,up
2019-03-13,56.779999,57.792,-1.012001000000005,down
2019-03-14,58.490002000000004,57.992001,0.49800100000000214,up
2019-03-15,56.702,55.085999,1.6160009999999971,up
2019-03-18,55.200001,53.897999,1.3020020000000017,up
2019-03-19,53.5,53.493999,0.006000999999997703,up
2019-03-20,53.938,54.720001,-0.7820010000000011,down
2019-03-21,54.52,54.804001,-0.2840009999999964,down
2019-03-22,54.515999,52.905998,1.610001000000004,up
2019-03-25,51.942001,52.084,-0.14199900000000554,down
2019-03-26,52.888,53.554001,-0.6660010000000014,down
2019-03-27,53.75,54.966,-1.216000000000001,down
2019-03-28,55.431999,55.723999,-0.2920000000000016,down
2019-03-29,55.740002000000004,55.972,-0.23199799999999726,down
2019-04-01,56.523998,57.835999,-1.3120010000000022,down
2019-04-02,57.66,57.175999,0.48400099999999924,up
2019-04-03,57.464001,58.362,-0.8979989999999987,down
2019-04-04,52.377998,53.556,-1.1780019999999993,down
2019-04-05,53.972,54.992001,-1.0200010000000006,down
2019-04-08,55.537997999999995,54.639998999999996,0.8979989999999987,up
2019-04-09,54.330002,54.462002000000005,-0.132000000000005,down
2019-04-10,55.348,55.212002000000005,0.13599799999999362,up
2019-04-11,53.66,53.683997999999995,-0.023997999999998854,down
2019-04-12,54.043999,53.540001000000004,0.5039979999999957,up
2019-04-15,53.726002,53.276001,0.4500010000000003,up
2019-04-16,53.150002,54.672001,-1.521999000000001,down
2019-04-17,54.950001,54.245998,0.7040030000000002,up
2019-04-18,54.245998,54.652,-0.40600200000000086,down
2019-04-22,53.799999,52.549999,1.25,up
2019-04-23,52.029999,52.779999,-0.75,down
2019-04-24,52.77,51.731998,1.0380020000000059,up
2019-04-25,51.0,49.526001,1.4739989999999992,up
2019-04-26,49.299999,47.028,2.271999000000001,up
2019-04-29,47.172001,48.293999,-1.1219979999999978,down
2019-04-30,48.411999,47.737999,0.6739999999999995,up
2019-05-01,47.77,46.801998,0.9680020000000056,up
2019-05-02,49.104,48.82,0.2839999999999989,up
2019-05-03,48.771999,51.006001,-2.2340019999999967,down
2019-05-06,50.004002,51.068001,-1.0639990000000026,down
2019-05-07,51.360001000000004,49.411999,1.9480020000000025,up
2019-05-08,49.388,48.967999,0.4200009999999992,up
2019-05-09,48.400002,48.396,0.004001999999999839,up
2019-05-10,47.950001,47.903999,0.04600200000000143,up
2019-05-13,46.402,45.402,1.0,up
2019-05-14,45.860001000000004,46.462002000000005,-0.6020010000000013,down
2019-05-15,45.863997999999995,46.389998999999996,-0.5260010000000008,down
2019-05-16,45.897999,45.666,0.23199900000000184,up
2019-05-17,44.391998,42.206001,2.1859970000000004,up
2019-05-20,40.560001,41.071999,-0.5119979999999984,down
2019-05-21,39.551998,41.015999,-1.4640010000000032,down
2019-05-22,39.82,38.546001000000004,1.2739989999999963,up
2019-05-23,38.868,39.098,-0.22999999999999687,down
2019-05-24,39.966,38.125999,1.8400010000000009,up
2019-05-28,38.240002000000004,37.740002000000004,0.5,up
2019-05-29,37.419998,37.972,-0.5520020000000017,down
2019-05-30,37.75,37.644001,0.10599899999999707,up
2019-05-31,37.02,37.032001,-0.01200099999999793,down
2019-06-03,37.102001,35.793999,1.3080020000000019,up
2019-06-04,36.220001,38.720001,-2.5,down
2019-06-05,39.736,39.318001,0.4179989999999947,up
2019-06-06,40.888,41.189999,-0.3019990000000021,down
2019-06-07,41.0,40.900002,0.09999799999999937,up
2019-06-10,42.049999,42.576,-0.5260010000000008,down
2019-06-11,43.827999,43.419998,0.4080009999999987,up
2019-06-12,44.59,41.852001,2.737999000000002,up
2019-06-13,42.076,42.782001,-0.7060010000000005,down
2019-06-14,42.25,42.984001,-0.7340009999999992,down
2019-06-17,43.096001,45.006001,-1.9099999999999966,down
2019-06-18,45.743999,44.948002,0.7959969999999998,up
2019-06-19,45.021999,45.285999,-0.2639999999999958,down
2019-06-20,44.599998,43.924,0.6759979999999999,up
2019-06-21,43.243999,44.372002,-1.1280029999999996,down
2019-06-24,44.647999,44.728001,-0.08000200000000035,down
2019-06-25,44.877998,43.952,0.9259979999999999,up
2019-06-26,44.062,43.854,0.2079999999999984,up
2019-06-27,43.889998999999996,44.568001,-0.6780020000000064,down
2019-06-28,44.198002,44.692001,-0.4939989999999952,down
2019-07-01,46.042,45.433997999999995,0.6080020000000061,up
2019-07-02,45.778,44.91,0.8680000000000021,up
2019-07-03,47.877998,46.98,0.8979980000000012,up
2019-07-05,46.914001,46.619999,0.294001999999999,up
2019-07-08,46.248001,46.068001,0.17999999999999972,up
2019-07-09,45.793999,46.012001,-0.21800199999999847,down
2019-07-10,46.830002,47.784,-0.9539979999999986,down
2019-07-11,47.627998,47.720001,-0.09200300000000539,down
2019-07-12,47.950001,49.015999,-1.0659980000000004,down
2019-07-15,49.599998,50.700001,-1.100003000000001,down
2019-07-16,49.860001000000004,50.476002,-0.6160009999999971,down
2019-07-17,51.133998999999996,50.972,0.16199899999999445,up
2019-07-18,51.009997999999996,50.708,0.30199799999999755,up
2019-07-19,51.138,51.636002000000005,-0.4980020000000067,down
2019-07-22,51.75,51.136002000000005,0.6139979999999952,up
2019-07-23,51.341999,52.034,-0.6920009999999976,down
2019-07-24,51.834,52.976002,-1.142001999999998,down
2019-07-25,46.700001,45.764,0.9360009999999974,up
2019-07-26,45.383998999999996,45.608002,-0.22400300000000328,down
2019-07-29,45.417999,47.153999,-1.735999999999997,down
2019-07-30,46.580002,48.452,-1.8719979999999978,down
2019-07-31,48.599998,48.321999,0.2779990000000012,up
2019-08-01,48.529999,46.77,1.7599989999999934,up
2019-08-02,46.27,46.868,-0.597999999999999,down
2019-08-05,45.919998,45.664001,0.2559970000000007,up
2019-08-06,46.375999,46.150002,0.22599699999999956,up
2019-08-07,45.299999,46.683997999999995,-1.3839989999999958,down
2019-08-08,46.889998999999996,47.66,-0.7700010000000006,down
2019-08-09,47.209998999999996,47.001999,0.2079999999999984,up
2019-08-12,46.598,45.801998,0.7960020000000014,up
2019-08-13,45.762001,47.0,-1.237999000000002,down
2019-08-14,46.242001,43.924,2.3180010000000024,up
2019-08-15,44.172001,43.127998,1.0440030000000036,up
2019-08-16,43.332001,43.987999,-0.6559980000000039,down
2019-08-19,44.841999,45.366001000000004,-0.524002000000003,down
2019-08-20,45.523998,45.172001,0.35199699999999723,up
2019-08-21,44.402,44.166,0.2360000000000042,up
2019-08-22,44.560001,44.43,0.13000100000000003,up
2019-08-23,43.993999,42.279999,1.7140000000000057,up
2019-08-26,42.720001,43.0,-0.27999899999999656,down
2019-08-27,43.147999,42.816002000000005,0.3319969999999941,up
2019-08-28,42.737999,43.118,-0.38000100000000003,down
2019-08-29,43.799999,44.341999,-0.5420000000000016,down
2019-08-30,45.830002,45.122002,0.7079999999999984,up
2019-09-03,44.816002000000005,45.001999,-0.1859969999999933,down
2019-09-04,45.377998,44.136002000000005,1.2419959999999932,up
2019-09-05,44.5,45.916,-1.4159999999999968,down
2019-09-06,45.439999,45.490002000000004,-0.050003000000003794,down
2019-09-09,46.0,46.358002,-0.35800199999999904,down
2019-09-10,46.16,47.108002,-0.9480020000000025,down
2019-09-11,47.476002,49.419998,-1.9439959999999985,down
2019-09-12,49.540001000000004,49.174,0.36600100000000424,up
2019-09-13,49.391998,49.040001000000004,0.35199699999999723,up
2019-09-16,49.200001,48.562,0.6380010000000027,up
2019-09-17,48.493999,48.958,-0.4640009999999961,down
2019-09-18,49.0,48.698002,0.30199799999999755,up
2019-09-19,49.200001,49.32,-0.11999899999999997,down
2019-09-20,49.298,48.124001,1.173999000000002,up
2019-09-23,48.0,48.245998,-0.24599800000000016,down
2019-09-24,48.304001,44.641998,3.6620029999999986,up
2019-09-25,44.911999,45.740002000000004,-0.8280030000000025,down
2019-09-26,46.132,48.512001,-2.380001,down
2019-09-27,48.439999,48.425999,0.014000000000002899,up
2019-09-30,48.599998,48.174,0.4259979999999999,up
2019-10-01,48.299999,48.938,-0.6380010000000027,down
2019-10-02,48.658001,48.625999,0.03200199999999853,up
2019-10-03,46.372002,46.605999,-0.23399699999999513,down
2019-10-04,46.321999,46.285999,0.036000000000001364,up
2019-10-07,45.959998999999996,47.543999,-1.5840000000000032,down
2019-10-08,47.174,48.009997999999996,-0.8359979999999965,down
2019-10-09,48.264,48.905998,-0.6419979999999939,down
2019-10-10,49.056,48.948002,0.10799799999999493,up
2019-10-11,49.43,49.577999,-0.14799899999999866,down
2019-10-14,49.580002,51.391998,-1.8119960000000006,down
2019-10-15,51.540001000000004,51.577999,-0.03799799999999465,down
2019-10-16,51.478001,51.950001,-0.4720000000000013,down
2019-10-17,52.5,52.394001,0.10599899999999707,up
2019-10-18,52.139998999999996,51.389998999999996,0.75,up
2019-10-21,51.666,50.700001,0.9659989999999965,up
2019-10-22,50.863997999999995,51.116001000000004,-0.2520030000000091,down
2019-10-23,50.900002,50.936001,-0.035998999999996784,down
2019-10-24,59.674,59.936001,-0.26200099999999793,down
2019-10-25,59.543999,65.625999,-6.081999999999994,down
2019-10-28,65.508003,65.542,-0.03399699999999939,down
2019-10-29,63.998001,63.243999,0.7540019999999998,up
2019-10-30,62.599998,63.001999,-0.4020009999999985,down
2019-10-31,62.619999,62.984001,-0.36400199999999927,down
2019-11-01,63.264,62.661999,0.6020010000000013,up
2019-11-04,62.959998999999996,63.493999,-0.534000000000006,down
2019-11-05,63.924,63.444,0.4799999999999969,up
2019-11-06,63.599998,65.316002,-1.716003999999998,down
2019-11-07,65.82800300000001,67.108002,-1.2799989999999895,down
2019-11-08,66.900002,67.428001,-0.5279989999999941,down
2019-11-11,68.790001,69.01799799999999,-0.2279969999999878,down
2019-11-12,69.379997,69.986,-0.6060030000000012,down
2019-11-13,71.0,69.222,1.7780000000000058,up
2019-11-14,69.222,69.870003,-0.6480030000000028,down
2019-11-15,70.127998,70.433998,-0.3059999999999974,down
2019-11-18,70.584,69.998001,0.585999000000001,up
2019-11-19,70.349998,71.903999,-1.5540009999999995,down
2019-11-20,72.0,70.444,1.5559999999999974,up
2019-11-21,70.902,70.966003,-0.06400299999999959,down
2019-11-22,68.031998,66.608002,1.4239960000000025,up
2019-11-25,68.863998,67.26799799999999,1.5960000000000036,up
2019-11-26,67.054001,65.783997,1.2700040000000001,up
2019-11-27,66.22399899999999,66.258003,-0.03400400000001014,down
2019-11-29,66.222,65.987999,0.23400099999999213,up
2019-12-02,65.879997,66.97399899999999,-1.094001999999989,down
2019-12-03,66.524002,67.239998,-0.7159960000000041,down
2019-12-04,67.550003,66.606003,0.9440000000000026,up
2019-12-05,66.566002,66.07399699999999,0.492005000000006,up
2019-12-06,67.0,67.178001,-0.17800099999999475,down
2019-12-09,67.318001,67.905998,-0.5879970000000014,down
2019-12-10,67.991997,69.76799799999999,-1.7760009999999937,down
2019-12-11,70.375999,70.540001,-0.16400200000001064,down
2019-12-12,70.984001,71.935997,-0.9519959999999941,down
2019-12-13,72.209999,71.678001,0.5319980000000015,up
2019-12-16,72.510002,76.300003,-3.7900010000000037,down
2019-12-17,75.797997,75.797997,0.0,up
2019-12-18,76.125999,78.629997,-2.50399800000001,down
2019-12-19,79.46399699999999,80.807999,-1.3440020000000032,down
2019-12-20,82.057999,81.11799599999999,0.9400030000000044,up
2019-12-23,82.356003,83.844002,-1.487999000000002,down
2019-12-24,83.67199699999999,85.050003,-1.3780060000000134,down
2019-12-26,85.582001,86.188004,-0.6060030000000012,down
2019-12-27,87.0,86.07599599999999,0.9240040000000107,up
2019-12-30,85.758003,82.940002,2.8180009999999953,up
2019-12-31,81.0,83.666,-2.665999999999997,down
2020-01-02,84.900002,86.052002,-1.152000000000001,down
2020-01-03,88.099998,88.601997,-0.5019989999999979,down
2020-01-06,88.094002,90.307999,-2.213996999999992,down
2020-01-07,92.279999,93.811996,-1.5319969999999898,down
2020-01-08,94.739998,98.428001,-3.688002999999995,down
2020-01-09,99.41999799999999,96.26799799999999,3.152000000000001,up
2020-01-10,96.358002,95.629997,0.728004999999996,up
2020-01-13,98.699997,104.972,-6.272002999999998,down
2020-01-14,108.851997,107.584,1.267996999999994,up
2020-01-15,105.952003,103.699997,2.2520060000000086,up
2020-01-16,98.75,102.697998,-3.9479979999999983,down
2020-01-17,101.522003,102.099998,-0.5779950000000014,down
2020-01-21,106.050003,109.440002,-3.389999000000003,down
2020-01-22,114.377998,113.912003,0.4659950000000066,up
2020-01-23,112.849998,114.440002,-1.5900040000000075,down
2020-01-24,114.125999,112.96399699999999,1.162002000000001,up
2020-01-27,108.398003,111.603996,-3.2059929999999923,down
2020-01-28,113.697998,113.379997,0.3180009999999953,up
2020-01-29,115.138,116.197998,-1.0599979999999931,down
2020-01-30,126.484001,128.162003,-1.6780019999999922,down
2020-01-31,128.0,130.113998,-2.1139980000000094,down
2020-02-03,134.738007,156.0,-21.26199299999999,down
2020-02-04,176.591995,177.412003,-0.8200080000000014,down
2020-02-05,164.651993,146.940002,17.711991000000012,up
2020-02-06,139.983994,149.792007,-9.808013000000017,down
2020-02-07,146.110001,149.613998,-3.5039969999999983,down
2020-02-10,160.0,154.255997,5.744002999999992,up
2020-02-11,153.757996,154.87600700000002,-1.118011000000024,down
2020-02-12,155.574005,153.457993,2.116012000000012,up
2020-02-13,148.367996,160.800003,-12.432006999999999,down
2020-02-14,157.444,160.005997,-2.5619970000000194,down
2020-02-18,168.320007,171.679993,-3.359985999999992,down
2020-02-19,184.699997,183.483994,1.2160030000000006,up
2020-02-20,182.389999,179.882004,2.507994999999994,up
2020-02-21,181.395996,180.199997,1.1959990000000005,up
2020-02-24,167.800003,166.757996,1.0420070000000123,up
2020-02-25,169.800003,159.98199499999998,9.81800800000002,up
2020-02-26,156.5,155.759995,0.7400049999999965,up
2020-02-27,146.0,135.800003,10.199996999999996,up
2020-02-28,125.940002,133.598007,-7.658004999999989,down
2020-03-02,142.251999,148.723999,-6.47199999999998,down
2020-03-03,161.0,149.102005,11.897995000000009,up
2020-03-04,152.792007,149.899994,2.89201300000002,up
2020-03-05,144.753998,144.908005,-0.1540070000000071,down
2020-03-06,138.0,140.695999,-2.6959990000000005,down
2020-03-09,121.07800300000001,121.599998,-0.5219949999999898,down
2020-03-10,131.886002,129.065994,2.8200080000000014,up
2020-03-11,128.03999299999998,126.846001,1.1939919999999802,up
2020-03-12,116.178001,112.110001,4.067999999999998,up
2020-03-13,119.0,109.32399699999999,9.676003000000009,up
2020-03-16,93.900002,89.014,4.886002000000005,up
2020-03-17,88.001999,86.040001,1.9619979999999941,up
2020-03-18,77.800003,72.244003,5.555999999999997,up
2020-03-19,74.940002,85.528,-10.587997999999999,down
2020-03-20,87.639999,85.505997,2.1340020000000095,up
2020-03-23,86.720001,86.858002,-0.1380010000000027,down
2020-03-24,95.459999,101.0,-5.540001000000004,down
2020-03-25,109.050003,107.849998,1.2000050000000044,up
2020-03-26,109.477997,105.63200400000001,3.845992999999993,up
2020-03-27,101.0,102.872002,-1.8720019999999948,down
2020-03-30,102.052002,100.42600300000001,1.625998999999993,up
2020-03-31,100.25,104.800003,-4.550003000000004,down
2020-04-01,100.800003,96.311996,4.48800700000001,up
2020-04-02,96.206001,90.893997,5.312004000000002,up
2020-04-03,101.900002,96.001999,5.898003000000003,up
2020-04-06,102.239998,103.248001,-1.0080030000000022,down
2020-04-07,109.0,109.089996,-0.0899959999999993,down
2020-04-08,110.839996,109.76799799999999,1.0719980000000078,up
2020-04-09,112.417999,114.599998,-2.1819990000000047,down
2020-04-13,118.031998,130.190002,-12.158003999999991,down
2020-04-14,139.794006,141.977997,-2.183990999999992,down
2020-04-15,148.399994,145.966003,2.433990999999992,up
2020-04-16,143.388,149.042007,-5.654007000000007,down
2020-04-17,154.455994,150.778,3.6779940000000124,up
2020-04-20,146.53999299999998,149.272003,-2.732010000000031,down
2020-04-21,146.024002,137.34399399999998,8.680008000000015,up
2020-04-22,140.796005,146.421997,-5.6259919999999966,down
2020-04-23,145.520004,141.12600700000002,4.393996999999985,up
2020-04-24,142.162003,145.029999,-2.867996000000005,down
2020-04-27,147.522003,159.75,-12.227996999999988,down
2020-04-28,159.128006,153.824005,5.3040009999999995,up
2020-04-29,158.033997,160.102005,-2.068007999999992,down
2020-04-30,171.037994,156.37600700000002,14.661986999999982,up
2020-05-01,151.0,140.26400800000002,10.735991999999982,up
2020-05-04,140.199997,152.238007,-12.038010000000014,down
2020-05-05,157.957993,153.641998,4.315994999999987,up
2020-05-06,155.300003,156.516006,-1.2160030000000006,down
2020-05-07,155.442001,156.007996,-0.5659949999999867,down
2020-05-08,158.753998,163.884003,-5.130005000000011,down
2020-05-11,158.102005,162.257996,-4.155991,down
2020-05-12,165.399994,161.882004,3.5179899999999975,up
2020-05-13,164.166,158.192001,5.973998999999992,up
2020-05-14,156.0,160.666,-4.665999999999997,down
2020-05-15,158.070007,159.834,-1.7639929999999993,down
2020-05-18,165.556,162.725998,2.8300020000000075,up
2020-05-19,163.033997,161.602005,1.4319920000000081,up
2020-05-20,164.100006,163.112,0.9880060000000128,up
2020-05-21,163.199997,165.520004,-2.320007000000004,down
2020-05-22,164.434006,163.37600700000002,1.0579989999999952,up
2020-05-26,166.899994,163.774002,3.1259919999999966,up
2020-05-27,164.171997,164.046005,0.12599199999999655,up
2020-05-28,162.701996,161.162003,1.5399930000000097,up
2020-05-29,161.75,167.0,-5.25,down
2020-06-01,171.600006,179.619995,-8.019988999999981,down
2020-06-02,178.940002,176.311996,2.628005999999999,up
2020-06-03,177.62399299999998,176.591995,1.0319979999999873,up
2020-06-04,177.975998,172.87600700000002,5.099990999999989,up
2020-06-05,175.567993,177.132004,-1.5640109999999936,down
2020-06-08,183.800003,189.983994,-6.183990999999992,down
2020-06-09,188.001999,188.134003,-0.1320039999999949,down
2020-06-10,198.37600700000002,205.009995,-6.633987999999988,down
2020-06-11,198.03999299999998,194.567993,3.47199999999998,up
2020-06-12,196.0,187.056,8.943999999999988,up
2020-06-15,183.557999,198.179993,-14.621994,down
2020-06-16,202.369995,196.425995,5.943999999999988,up
2020-06-17,197.542007,198.358002,-0.8159949999999867,down
2020-06-18,200.600006,200.792007,-0.19200100000000475,down
2020-06-19,202.556,200.179993,2.3760070000000155,up
2020-06-22,199.990005,198.863998,1.126006999999987,up
2020-06-23,199.776001,200.35600300000002,-0.5800020000000075,down
2020-06-24,198.82200600000002,192.169998,6.6520080000000235,up
2020-06-25,190.854004,197.195999,-6.341994999999997,down
2020-06-26,198.955994,191.94799799999998,7.00799600000002,up
2020-06-29,193.80200200000002,201.869995,-8.067992999999973,down
2020-06-30,201.300003,215.962006,-14.662002999999999,down
2020-07-01,216.600006,223.92599500000003,-7.325989000000021,down
2020-07-02,244.29600499999998,241.731995,2.5640099999999677,up
2020-07-06,255.33799700000003,274.31601,-18.978012999999976,down
2020-07-07,281.00201400000003,277.971985,3.030029000000013,up
2020-07-08,281.0,273.175995,7.824005,up
2020-07-09,279.39801,278.85598799999997,0.5420220000000313,up
2020-07-10,279.200012,308.929993,-29.72998100000001,down
2020-07-13,331.799988,299.411987,32.388000999999974,up
2020-07-14,311.200012,303.359985,7.8400270000000205,up
2020-07-15,308.600006,309.201996,-0.6019900000000007,down
2020-07-16,295.432007,300.127991,-4.69598400000001,down
2020-07-17,302.690002,300.167999,2.522002999999984,up
2020-07-20,303.802002,328.600006,-24.79800399999999,down
2020-07-21,327.985992,313.67199700000003,14.313994999999977,up
2020-07-22,319.799988,318.466003,1.3339849999999842,up
2020-07-23,335.790009,302.614014,33.175995,up
2020-07-24,283.201996,283.399994,-0.19799799999998413,down
2020-07-27,287.0,307.920013,-20.920012999999983,down
2020-07-28,300.799988,295.298004,5.501983999999993,up
2020-07-29,300.200012,299.821991,0.3780209999999897,up
2020-07-30,297.600006,297.49798599999997,0.10202000000003864,up
2020-07-31,303.0,286.152008,16.847991999999977,up
2020-08-03,289.839996,297.0,-7.160004000000015,down
2020-08-04,299.00201400000003,297.399994,1.6020200000000386,up
2020-08-05,298.597992,297.003998,1.5939939999999524,up
2020-08-06,298.16598500000003,297.91598500000003,0.25,up
2020-08-07,299.90799,290.541992,9.36599799999999,up
2020-08-10,289.600006,283.713989,5.886016999999981,up
2020-08-11,279.200012,274.877991,4.3220210000000066,up
2020-08-12,294.0,310.951996,-16.95199600000001,down
2020-08-13,322.200012,324.200012,-2.0,down
2020-08-14,332.99798599999997,330.141998,2.855987999999968,up
2020-08-17,335.399994,367.127991,-31.727997000000016,down
2020-08-18,379.798004,377.417999,2.380004999999983,up
2020-08-19,373.0,375.705994,-2.7059939999999756,down
2020-08-20,372.135986,400.365997,-28.23001099999999,down
2020-08-21,408.951996,409.996002,-1.0440059999999676,down
2020-08-24,425.256012,402.839996,22.416016000000013,up
2020-08-25,394.977997,404.667999,-9.690001999999993,down
2020-08-26,412.0,430.634003,-18.634003000000007,down
2020-08-27,436.09200999999996,447.75,-11.65799000000004,down
2020-08-28,459.02398700000003,442.67999299999997,16.343994000000066,up
2020-08-31,444.60998499999994,498.32000700000003,-53.710022000000095,down
2020-09-01,502.14001500000006,475.049988,27.090027000000077,up
2020-09-02,478.98999000000003,447.369995,31.619995000000017,up
2020-09-03,407.230011,407.0,0.23001099999999042,up
2020-09-04,402.809998,418.320007,-15.510008999999968,down
2020-09-08,356.0,330.209991,25.790008999999998,up
2020-09-09,356.600006,366.27999900000003,-9.679993000000024,down
2020-09-10,386.209991,371.339996,14.869995000000017,up
2020-09-11,381.940002,372.72000099999997,9.220001000000025,up
2020-09-14,380.950012,419.619995,-38.669983,down
2020-09-15,436.55999800000006,449.76000999999997,-13.200011999999901,down
2020-09-16,439.869995,441.76000999999997,-1.8900149999999485,down
2020-09-17,415.600006,423.42999299999997,-7.82998699999996,down
2020-09-18,447.94000199999994,442.14999400000005,5.790007999999887,up
2020-09-21,453.130005,449.39001500000006,3.7399899999999207,up
2020-09-22,429.60000599999995,424.23001100000005,5.3699949999999035,up
2020-09-23,405.160004,380.359985,24.80001900000002,up
2020-09-24,363.799988,387.790009,-23.990021000000013,down
2020-09-25,393.47000099999997,407.339996,-13.869995000000017,down
2020-09-28,424.619995,421.200012,3.419983000000002,up
2020-09-29,416.0,419.070007,-3.0700069999999755,down
2020-09-30,421.32000700000003,429.01000999999997,-7.690002999999933,down
2020-10-01,440.76000999999997,448.160004,-7.399994000000049,down
2020-10-02,421.39001500000006,415.089996,6.300019000000077,up
2020-10-05,423.35000599999995,425.67999299999997,-2.329987000000017,down
2020-10-06,423.790009,413.980011,9.809998000000007,up
2020-10-07,419.869995,425.299988,-5.429992999999968,down
2020-10-08,438.44000199999994,425.920013,12.519988999999953,up
2020-10-09,430.130005,434.0,-3.869995000000017,down
2020-10-12,442.0,442.299988,-0.2999879999999848,down
2020-10-13,443.35000599999995,446.64999400000005,-3.2999880000000985,down
2020-10-14,449.77999900000003,461.299988,-11.519988999999953,down
2020-10-15,450.30999800000006,448.880005,1.4299930000000813,up
2020-10-16,454.44000199999994,439.670013,14.769988999999953,up
2020-10-19,446.23999000000003,430.829987,15.410003000000017,up
2020-10-20,431.75,421.94000199999994,9.809998000000064,up
2020-10-21,422.700012,422.64001500000006,0.059996999999953005,up
2020-10-22,441.920013,425.790009,16.130003999999985,up
2020-10-23,421.839996,420.630005,1.2099910000000023,up
2020-10-26,411.630005,420.27999900000003,-8.64999400000005,down
2020-10-27,423.76000999999997,424.67999299999997,-0.919983000000002,down
2020-10-28,416.480011,406.019989,10.46002199999998,up
2020-10-29,409.959991,410.829987,-0.8699960000000146,down
2020-10-30,406.899994,388.040009,18.859984999999995,up
2020-11-02,394.0,400.51001,-6.5100100000000225,down
2020-11-03,409.730011,423.89999400000005,-14.169983000000059,down
2020-11-04,430.619995,420.98001100000005,9.63998399999997,up
2020-11-05,428.299988,438.089996,-9.790008,down
2020-11-06,436.10000599999995,429.950012,6.149993999999936,up
2020-11-09,439.5,421.26000999999997,18.239990000000034,up
2020-11-10,420.089996,410.359985,9.73001099999999,up
2020-11-11,416.450012,417.130005,-0.6799929999999677,down
2020-11-12,415.049988,411.76001,3.2899779999999623,up
2020-11-13,410.850006,408.5,2.3500060000000076,up
2020-11-16,408.929993,408.089996,0.8399970000000394,up
2020-11-17,460.170013,441.60998499999994,18.560028000000045,up
